Zipcode,Type,City,County,State,AreaCodes,Country
27006,Standard,Advance,Davie County,NC,336,United States
27007,Standard,Ararat,Surry County,NC,336,United States
27009,Standard,Belews Creek,Forsyth County,NC,336,United States
27010,Po Box,Bethania,Forsyth County,NC,336,United States
27011,Standard,Boonville,Yadkin County,NC,"910,336",United States
27012,Standard,Clemmons,Forsyth County,NC,"336,910",United States
27013,Standard,Cleveland,Rowan County,NC,704,United States
27014,Po Box,Cooleemee,Davie County,NC,"704,336",United States
27016,Standard,Danbury,Stokes County,NC,336,United States
27017,Standard,Dobson,Surry County,NC,336,United States
27018,Standard,East Bend,Yadkin County,NC,336,United States
27019,Standard,Germanton,Stokes County,NC,336,United States
27020,Standard,Hamptonville,Yadkin County,NC,"336,704",United States
27021,Standard,King,Stokes County,NC,336,United States
27022,Standard,Lawsonville,Stokes County,NC,336,United States
27023,Standard,Lewisville,Forsyth County,NC,336,United States
27024,Standard,Lowgap,Surry County,NC,336,United States
27025,Standard,Madison,Rockingham County,NC,336,United States
27027,Standard,Mayodan,Rockingham County,NC,336,United States
27028,Standard,Mocksville,Davie County,NC,"336,704",United States
27030,Standard,Mount Airy,Surry County,NC,336,United States
27031,Po Box,White Plains,Surry County,NC,336,United States
27040,Standard,Pfafftown,Forsyth County,NC,336,United States
27041,Standard,Pilot Mountain,Surry County,NC,336,United States
27042,Standard,Pine Hall,Stokes County,NC,336,United States
27043,Standard,Pinnacle,Surry County,NC,336,United States
27045,Standard,Rural Hall,Forsyth County,NC,336,United States
27046,Standard,Sandy Ridge,Stokes County,NC,336,United States
27047,Standard,Siloam,Surry County,NC,336,United States
27048,Standard,Stoneville,Rockingham County,NC,336,United States
27049,Po Box,Toast,Surry County,NC,336,United States
27050,Standard,Tobaccoville,Forsyth County,NC,336,United States
27051,Standard,Walkertown,Forsyth County,NC,336,United States
27052,Standard,Walnut Cove,Stokes County,NC,336,United States
27053,Standard,Westfield,Stokes County,NC,336,United States
27054,Standard,Woodleaf,Rowan County,NC,"704,336",United States
27055,Standard,Yadkinville,Yadkin County,NC,"336,704",United States
27094,Unique,Rural Hall,Forsyth County,NC,336,United States
27098,Unique,Rural Hall,Forsyth County,NC,336,United States
27099,Unique,Rural Hall,Forsyth County,NC,336,United States
27101,Standard,Winston Salem,Forsyth County,NC,336,United States
27102,Po Box,Winston Salem,Forsyth County,NC,336,United States
27103,Standard,Winston Salem,Forsyth County,NC,336,United States
27104,Standard,Winston Salem,Forsyth County,NC,336,United States
27105,Standard,Winston Salem,Forsyth County,NC,"336,704",United States
27106,Standard,Winston Salem,Forsyth County,NC,336,United States
27107,Standard,Winston Salem,Forsyth County,NC,"336,704",United States
27108,Po Box,Winston Salem,Forsyth County,NC,336,United States
27109,Standard,Winston Salem,Forsyth County,NC,336,United States
27110,Unique,Winston Salem,Forsyth County,NC,336,United States
27111,Unique,Winston Salem,Forsyth County,NC,336,United States
27113,Po Box,Winston Salem,Forsyth County,NC,336,United States
27114,Po Box,Winston Salem,Forsyth County,NC,336,United States
27115,Po Box,Winston Salem,Forsyth County,NC,336,United States
27116,Po Box,Winston Salem,Forsyth County,NC,336,United States
27117,Po Box,Winston Salem,Forsyth County,NC,336,United States
27120,Po Box,Winston Salem,Forsyth County,NC,336,United States
27127,Standard,Winston Salem,Forsyth County,NC,336,United States
27130,Po Box,Winston Salem,Forsyth County,NC,336,United States
27150,Unique,Winston Salem,Forsyth County,NC,336,United States
27151,Unique,Winston-salem,Forsyth County,NC,336,United States
27152,Unique,Winston Salem,Forsyth County,NC,336,United States
27155,Unique,Winston Salem,Forsyth County,NC,336,United States
27156,Unique,Winston-salem,Forsyth County,NC,336,United States
27157,Unique,Winston Salem,Forsyth County,NC,336,United States
27198,Unique,Winston Salem,Forsyth County,NC,336,United States
27199,Unique,Winston Salem,Forsyth County,NC,336,United States
27201,Po Box,Alamance,Alamance County,NC,,United States
27202,Po Box,Altamahaw,Alamance County,NC,,United States
27203,Standard,Asheboro,Randolph County,NC,336,United States
27204,Po Box,Asheboro,Randolph County,NC,336,United States
27205,Standard,Asheboro,Randolph County,NC,336,United States
27207,Standard,Bear Creek,Chatham County,NC,"919,336",United States
27208,Standard,Bennett,Chatham County,NC,"336,910",United States
27209,Standard,Biscoe,Montgomery County,NC,910,United States
27212,Standard,Blanch,Caswell County,NC,336,United States
27213,Po Box,Bonlee,Chatham County,NC,919,United States
27214,Standard,Browns Summit,Guilford County,NC,336,United States
27215,Standard,Burlington,Alamance County,NC,336,United States
27216,Po Box,Burlington,Alamance County,NC,336,United States
27217,Standard,Burlington,Alamance County,NC,336,United States
27220,Unique,Burlington,Alamance County,NC,336,United States
27228,Po Box,Bynum,Chatham County,NC,,United States
27229,Standard,Candor,Montgomery County,NC,910,United States
27230,Po Box,Cedar Falls,Randolph County,NC,336,United States
27231,Standard,Cedar Grove,Orange County,NC,"336,919",United States
27233,Standard,Climax,Randolph County,NC,336,United States
27235,Standard,Colfax,Guilford County,NC,336,United States
27237,Po Box,Cumnock,Lee County,NC,919,United States
27239,Standard,Denton,Davidson County,NC,336,United States
27242,Standard,Eagle Springs,Moore County,NC,910,United States
27243,Standard,Efland,Orange County,NC,919,United States
27244,Standard,Elon,Alamance County,NC,"336,910",United States
27247,Po Box,Ether,Montgomery County,NC,910,United States
27248,Standard,Franklinville,Randolph County,NC,336,United States
27249,Standard,Gibsonville,Guilford County,NC,336,United States
27252,Standard,Goldston,Chatham County,NC,919,United States
27253,Standard,Graham,Alamance County,NC,336,United States
27256,Po Box,Gulf,Chatham County,NC,919,United States
27258,Standard,Haw River,Alamance County,NC,336,United States
27259,Po Box,Highfalls,Chatham County,NC,"336,910",United States
27260,Standard,High Point,Guilford County,NC,336,United States
27261,Po Box,High Point,Guilford County,NC,336,United States
27262,Standard,High Point,Guilford County,NC,336,United States
27263,Standard,High Point,Randolph County,NC,336,United States
27264,Po Box,High Point,Guilford County,NC,336,United States
27265,Standard,High Point,Guilford County,NC,336,United States
27278,Standard,Hillsborough,Orange County,NC,919,United States
27281,Standard,Jackson Springs,Moore County,NC,910,United States
27282,Standard,Jamestown,Guilford County,NC,336,United States
27283,Standard,Julian,Guilford County,NC,336,United States
27284,Standard,Kernersville,Forsyth County,NC,336,United States
27285,Po Box,Kernersville,Forsyth County,NC,336,United States
27288,Standard,Eden,Rockingham County,NC,336,United States
27289,Po Box,Eden,Rockingham County,NC,336,United States
27291,Standard,Leasburg,Caswell County,NC,336,United States
27292,Standard,Lexington,Davidson County,NC,"336,704,910",United States
27293,Po Box,Lexington,Davidson County,NC,336,United States
27294,Unique,Lexington,Davidson County,NC,336,United States
27295,Standard,Lexington,Davidson County,NC,"336,704",United States
27298,Standard,Liberty,Randolph County,NC,336,United States
27299,Standard,Linwood,Davidson County,NC,336,United States
27301,Standard,Mc Leansville,Guilford County,NC,336,United States
27302,Standard,Mebane,Alamance County,NC,"919,336",United States
27305,Standard,Milton,Caswell County,NC,336,United States
27306,Standard,Mount Gilead,Montgomery County,NC,"704,910",United States
27310,Standard,Oak Ridge,Guilford County,NC,336,United States
27311,Standard,Pelham,Caswell County,NC,336,United States
27312,Standard,Pittsboro,Chatham County,NC,919,United States
27313,Standard,Pleasant Garden,Guilford County,NC,336,United States
27314,Standard,Prospect Hill,Caswell County,NC,336,United States
27315,Standard,Providence,Caswell County,NC,336,United States
27316,Standard,Ramseur,Randolph County,NC,336,United States
27317,Standard,Randleman,Randolph County,NC,336,United States
27320,Standard,Reidsville,Rockingham County,NC,336,United States
27321,Unique,Reidsville,Rockingham County,NC,336,United States
27322,Unique,Reidsville,Rockingham County,NC,336,United States
27323,Po Box,Reidsville,Rockingham County,NC,336,United States
27325,Standard,Robbins,Moore County,NC,"910,336",United States
27326,Standard,Ruffin,Rockingham County,NC,336,United States
27330,Standard,Sanford,Lee County,NC,"919,910",United States
27331,Po Box,Sanford,Lee County,NC,919,United States
27332,Standard,Sanford,Lee County,NC,919,United States
27340,Po Box,Saxapahaw,Alamance County,NC,,United States
27341,Standard,Seagrove,Randolph County,NC,"336,910",United States
27342,Po Box,Sedalia,Guilford County,NC,336,United States
27343,Standard,Semora,Person County,NC,336,United States
27344,Standard,Siler City,Chatham County,NC,"919,336",United States
27349,Standard,Snow Camp,Alamance County,NC,"336,919",United States
27350,Standard,Sophia,Randolph County,NC,336,United States
27351,Po Box,Southmont,Davidson County,NC,336,United States
27355,Standard,Staley,Randolph County,NC,"336,919",United States
27356,Standard,Star,Montgomery County,NC,910,United States
27357,Standard,Stokesdale,Rockingham County,NC,336,United States
27358,Standard,Summerfield,Guilford County,NC,336,United States
27359,Po Box,Swepsonville,Alamance County,NC,,United States
27360,Standard,Thomasville,Davidson County,NC,336,United States
27361,Po Box,Thomasville,Davidson County,NC,336,United States
27370,Standard,Trinity,Randolph County,NC,336,United States
27371,Standard,Troy,Montgomery County,NC,"910,336,704",United States
27373,Po Box,Wallburg,Davidson County,NC,336,United States
27374,Po Box,Welcome,Davidson County,NC,336,United States
27375,Po Box,Wentworth,Rockingham County,NC,336,United States
27376,Standard,West End,Moore County,NC,910,United States
27377,Standard,Whitsett,Guilford County,NC,336,United States
27379,Standard,Yanceyville,Caswell County,NC,336,United States
27395,Standard,Greensboro,Guilford County,NC,336,United States
27401,Standard,Greensboro,Guilford County,NC,"336,910",United States
27402,Po Box,Greensboro,Guilford County,NC,336,United States
27403,Standard,Greensboro,Guilford County,NC,336,United States
27404,Po Box,Greensboro,Guilford County,NC,336,United States
27405,Standard,Greensboro,Guilford County,NC,336,United States
27406,Standard,Greensboro,Guilford County,NC,336,United States
27407,Standard,Greensboro,Guilford County,NC,336,United States
27408,Standard,Greensboro,Guilford County,NC,"910,336",United States
27409,Standard,Greensboro,Guilford County,NC,336,United States
27410,Standard,Greensboro,Guilford County,NC,"910,336",United States
27411,Unique,Greensboro,Guilford County,NC,336,United States
27412,Unique,Greensboro,Guilford County,NC,336,United States
27413,Unique,Greensboro,Guilford County,NC,336,United States
27415,Po Box,Greensboro,Guilford County,NC,336,United States
27416,Po Box,Greensboro,Guilford County,NC,336,United States
27417,Po Box,Greensboro,Guilford County,NC,336,United States
27419,Po Box,Greensboro,Guilford County,NC,336,United States
27420,Po Box,Greensboro,Guilford County,NC,336,United States
27425,Po Box,Greensboro,Guilford County,NC,336,United States
27427,Po Box,Greensboro,Guilford County,NC,336,United States
27429,Po Box,Greensboro,Guilford County,NC,336,United States
27435,Po Box,Greensboro,Guilford County,NC,336,United States
27438,Po Box,Greensboro,Guilford County,NC,336,United States
27455,Standard,Greensboro,Guilford County,NC,"336,910",United States
27480,Unique,Greensboro,Guilford County,NC,336,United States
27495,Standard,Greensboro,Guilford County,NC,336,United States
27497,Unique,Greensboro,Guilford County,NC,336,United States
27498,Unique,Greensboro,Guilford County,NC,336,United States
27499,Unique,Greensboro,Guilford County,NC,336,United States
27501,Standard,Angier,Harnett County,NC,"919,910",United States
27502,Standard,Apex,Wake County,NC,919,United States
27503,Standard,Bahama,Durham County,NC,919,United States
27504,Standard,Benson,Johnston County,NC,919,United States
27505,Standard,Broadway,Harnett County,NC,"919,910",United States
27506,Po Box,Buies Creek,Harnett County,NC,910,United States
27507,Standard,Bullock,Granville County,NC,"919,252",United States
27508,Standard,Bunn,Franklin County,NC,919,United States
27509,Standard,Butner,Granville County,NC,919,United States
27510,Standard,Carrboro,Orange County,NC,919,United States
27511,Standard,Cary,Wake County,NC,919,United States
27512,Po Box,Cary,Wake County,NC,919,United States
27513,Standard,Cary,Wake County,NC,919,United States
27514,Standard,Chapel Hill,Orange County,NC,919,United States
27515,Po Box,Chapel Hill,Orange County,NC,919,United States
27516,Standard,Chapel Hill,Orange County,NC,"336,919",United States
27517,Standard,Chapel Hill,Orange County,NC,919,United States
27518,Standard,Cary,Wake County,NC,919,United States
27519,Standard,Cary,Wake County,NC,919,United States
27520,Standard,Clayton,Johnston County,NC,919,United States
27521,Standard,Coats,Harnett County,NC,"910,919",United States
27522,Standard,Creedmoor,Granville County,NC,919,United States
27523,Standard,Apex,Wake County,NC,919,United States
27524,Standard,Four Oaks,Johnston County,NC,"919,910",United States
27525,Standard,Franklinton,Franklin County,NC,919,United States
27526,Standard,Fuquay Varina,Wake County,NC,919,United States
27527,Standard,Clayton,Johnston County,NC,919,United States
27528,Standard,Clayton,Johnston County,NC,919,United States
27529,Standard,Garner,Wake County,NC,919,United States
27530,Standard,Goldsboro,Wayne County,NC,919,United States
27531,Standard,Goldsboro,Wayne County,NC,919,United States
27532,Po Box,Goldsboro,Wayne County,NC,919,United States
27533,Po Box,Goldsboro,Wayne County,NC,919,United States
27534,Standard,Goldsboro,Wayne County,NC,919,United States
27536,Standard,Henderson,Vance County,NC,"252,919",United States
27537,Standard,Henderson,Vance County,NC,252,United States
27539,Standard,Apex,Wake County,NC,919,United States
27540,Standard,Holly Springs,Wake County,NC,919,United States
27541,Standard,Hurdle Mills,Person County,NC,"336,919",United States
27542,Standard,Kenly,Johnston County,NC,"919,252",United States
27543,Po Box,Kipling,Harnett County,NC,919,United States
27544,Standard,Kittrell,Vance County,NC,"252,919",United States
27545,Standard,Knightdale,Wake County,NC,919,United States
27546,Standard,Lillington,Harnett County,NC,"910,919",United States
27549,Standard,Louisburg,Franklin County,NC,"919,252",United States
27551,Standard,Macon,Warren County,NC,252,United States
27552,Po Box,Mamers,Harnett County,NC,,United States
27553,Standard,Manson,Warren County,NC,252,United States
27555,Po Box,Micro,Johnston County,NC,919,United States
27556,Standard,Middleburg,Vance County,NC,252,United States
27557,Standard,Middlesex,Nash County,NC,"252,919",United States
27559,Standard,Moncure,Chatham County,NC,919,United States
27560,Standard,Morrisville,Wake County,NC,919,United States
27562,Standard,New Hill,Wake County,NC,919,United States
27563,Standard,Norlina,Warren County,NC,252,United States
27564,Standard,Creedmoor,Granville County,NC,919,United States
27565,Standard,Oxford,Granville County,NC,"919,252",United States
27568,Po Box,Pine Level,Johnston County,NC,919,United States
27569,Standard,Princeton,Johnston County,NC,919,United States
27570,Po Box,Ridgeway,Warren County,NC,252,United States
27571,Standard,Rolesville,Wake County,NC,919,United States
27572,Standard,Rougemont,Person County,NC,"336,919",United States
27573,Standard,Roxboro,Person County,NC,"336,919",United States
27574,Standard,Roxboro,Person County,NC,336,United States
27576,Standard,Selma,Johnston County,NC,919,United States
27577,Standard,Smithfield,Johnston County,NC,919,United States
27581,Standard,Stem,Granville County,NC,919,United States
27582,Po Box,Stovall,Granville County,NC,919,United States
27583,Standard,Timberlake,Person County,NC,336,United States
27584,Po Box,Townsville,Vance County,NC,252,United States
27586,Po Box,Vaughan,Warren County,NC,252,United States
27587,Standard,Wake Forest,Wake County,NC,919,United States
27588,Po Box,Wake Forest,Wake County,NC,919,United States
27589,Standard,Warrenton,Warren County,NC,"252,919",United States
27591,Standard,Wendell,Wake County,NC,919,United States
27592,Standard,Willow Spring,Wake County,NC,919,United States
27593,Po Box,Wilsons Mills,Johnston County,NC,,United States
27594,Po Box,Wise,Warren County,NC,252,United States
27596,Standard,Youngsville,Franklin County,NC,919,United States
27597,Standard,Zebulon,Wake County,NC,"919,252",United States
27599,Unique,Chapel Hill,Orange County,NC,919,United States
27601,Standard,Raleigh,Wake County,NC,919,United States
27602,Po Box,Raleigh,Wake County,NC,919,United States
27603,Standard,Raleigh,Wake County,NC,919,United States
27604,Standard,Raleigh,Wake County,NC,919,United States
27605,Standard,Raleigh,Wake County,NC,919,United States
27606,Standard,Raleigh,Wake County,NC,919,United States
27607,Standard,Raleigh,Wake County,NC,"919,910",United States
27608,Standard,Raleigh,Wake County,NC,919,United States
27609,Standard,Raleigh,Wake County,NC,919,United States
27610,Standard,Raleigh,Wake County,NC,919,United States
27611,Po Box,Raleigh,Wake County,NC,919,United States
27612,Standard,Raleigh,Wake County,NC,919,United States
27613,Standard,Raleigh,Wake County,NC,919,United States
27614,Standard,Raleigh,Wake County,NC,919,United States
27615,Standard,Raleigh,Wake County,NC,919,United States
27616,Standard,Raleigh,Wake County,NC,919,United States
27617,Standard,Raleigh,Wake County,NC,919,United States
27619,Po Box,Raleigh,Wake County,NC,919,United States
27620,Po Box,Raleigh,Wake County,NC,919,United States
27621,Po Box,Raleigh,Wake County,NC,919,United States
27622,Po Box,Raleigh,Wake County,NC,919,United States
27623,Po Box,Raleigh,Wake County,NC,919,United States
27624,Po Box,Raleigh,Wake County,NC,919,United States
27625,Po Box,Raleigh,Wake County,NC,919,United States
27626,Po Box,Raleigh,Wake County,NC,919,United States
27627,Po Box,Raleigh,Wake County,NC,919,United States
27628,Po Box,Raleigh,Wake County,NC,919,United States
27629,Po Box,Raleigh,Wake County,NC,919,United States
27634,Unique,Raleigh,Wake County,NC,919,United States
27635,Unique,Raleigh,Wake County,NC,919,United States
27636,Po Box,Raleigh,Wake County,NC,919,United States
27640,Unique,Raleigh,Wake County,NC,919,United States
27650,Po Box,Raleigh,Wake County,NC,919,United States
27656,Unique,Raleigh,Wake County,NC,919,United States
27658,Po Box,Raleigh,Wake County,NC,919,United States
27661,Po Box,Raleigh,Wake County,NC,919,United States
27668,Unique,Raleigh,Wake County,NC,919,United States
27675,Po Box,Raleigh,Wake County,NC,919,United States
27676,Po Box,Raleigh,Wake County,NC,919,United States
27690,Unique,Raleigh,Wake County,NC,919,United States
27695,Unique,Raleigh,Wake County,NC,919,United States
27697,Unique,Raleigh,Wake County,NC,919,United States
27698,Unique,Raleigh,Wake County,NC,919,United States
27699,Unique,Raleigh,Wake County,NC,919,United States
27701,Standard,Durham,Durham County,NC,919,United States
27702,Po Box,Durham,Durham County,NC,919,United States
27703,Standard,Durham,Durham County,NC,919,United States
27704,Standard,Durham,Durham County,NC,919,United States
27705,Standard,Durham,Durham County,NC,"434,919",United States
27706,Standard,Durham,Durham County,NC,919,United States
27707,Standard,Durham,Durham County,NC,919,United States
27708,Unique,Durham,Durham County,NC,919,United States
27709,Po Box,Durham,Durham County,NC,919,United States
27710,Unique,Durham,Durham County,NC,919,United States
27711,Unique,Durham,Durham County,NC,919,United States
27712,Standard,Durham,Durham County,NC,919,United States
27713,Standard,Durham,Durham County,NC,919,United States
27715,Po Box,Durham,Durham County,NC,919,United States
27717,Po Box,Durham,Durham County,NC,919,United States
27722,Po Box,Durham,Durham County,NC,919,United States
27801,Standard,Rocky Mount,Edgecombe County,NC,"919,252",United States
27802,Po Box,Rocky Mount,Nash County,NC,252,United States
27803,Standard,Rocky Mount,Nash County,NC,"252,919",United States
27804,Standard,Rocky Mount,Nash County,NC,252,United States
27805,Standard,Aulander,Bertie County,NC,252,United States
27806,Standard,Aurora,Beaufort County,NC,252,United States
27807,Standard,Bailey,Nash County,NC,252,United States
27808,Standard,Bath,Beaufort County,NC,252,United States
27809,Standard,Battleboro,Nash County,NC,252,United States
27810,Standard,Belhaven,Beaufort County,NC,252,United States
27811,Po Box,Bellarthur,Pitt County,NC,252,United States
27812,Standard,Bethel,Pitt County,NC,252,United States
27813,Po Box,Black Creek,Wilson County,NC,252,United States
27814,Standard,Blounts Creek,Beaufort County,NC,252,United States
27815,Unique,Rocky Mount,Nash County,NC,252,United States
27816,Standard,Castalia,Franklin County,NC,"919,252",United States
27817,Standard,Chocowinity,Beaufort County,NC,252,United States
27818,Standard,Como,Hertford County,NC,252,United States
27819,Po Box,Conetoe,Edgecombe County,NC,252,United States
27820,Standard,Conway,Northampton County,NC,252,United States
27821,Standard,Edward,Beaufort County,NC,252,United States
27822,Standard,Elm City,Wilson County,NC,252,United States
27823,Standard,Enfield,Halifax County,NC,252,United States
27824,Standard,Engelhard,Hyde County,NC,252,United States
27825,Po Box,Everetts,Martin County,NC,252,United States
27826,Standard,Fairfield,Hyde County,NC,252,United States
27827,Po Box,Falkland,Pitt County,NC,252,United States
27828,Standard,Farmville,Pitt County,NC,252,United States
27829,Standard,Fountain,Pitt County,NC,252,United States
27830,Standard,Fremont,Wayne County,NC,919,United States
27831,Standard,Garysburg,Northampton County,NC,252,United States
27832,Standard,Gaston,Northampton County,NC,252,United States
27833,Po Box,Greenville,Pitt County,NC,252,United States
27834,Standard,Greenville,Pitt County,NC,252,United States
27835,Po Box,Greenville,Pitt County,NC,252,United States
27836,Po Box,Greenville,Pitt County,NC,252,United States
27837,Standard,Grimesland,Pitt County,NC,252,United States
27839,Standard,Halifax,Halifax County,NC,252,United States
27840,Standard,Hamilton,Martin County,NC,252,United States
27841,Po Box,Hassell,Martin County,NC,252,United States
27842,Standard,Henrico,Northampton County,NC,252,United States
27843,Standard,Hobgood,Edgecombe County,NC,252,United States
27844,Standard,Hollister,Halifax County,NC,"919,252",United States
27845,Standard,Jackson,Northampton County,NC,252,United States
27846,Standard,Jamesville,Martin County,NC,252,United States
27847,Standard,Kelford,Bertie County,NC,252,United States
27849,Standard,Lewiston Woodville,Bertie County,NC,252,United States
27850,Standard,Littleton,Warren County,NC,252,United States
27851,Standard,Lucama,Wilson County,NC,"252,919",United States
27852,Standard,Macclesfield,Edgecombe County,NC,252,United States
27853,Standard,Margarettsville,Northampton County,NC,252,United States
27854,Standard,Milwaukee,Northampton County,NC,252,United States
27855,Standard,Murfreesboro,Hertford County,NC,252,United States
27856,Standard,Nashville,Nash County,NC,252,United States
27857,Standard,Oak City,Martin County,NC,252,United States
27858,Standard,Greenville,Pitt County,NC,252,United States
27860,Standard,Pantego,Beaufort County,NC,252,United States
27861,Po Box,Parmele,Martin County,NC,252,United States
27862,Standard,Pendleton,Northampton County,NC,252,United States
27863,Standard,Pikeville,Wayne County,NC,919,United States
27864,Standard,Pinetops,Edgecombe County,NC,252,United States
27865,Standard,Pinetown,Beaufort County,NC,252,United States
27866,Standard,Pleasant Hill,Northampton County,NC,252,United States
27867,Po Box,Potecasi,Northampton County,NC,252,United States
27868,Po Box,Red Oak,Nash County,NC,252,United States
27869,Standard,Rich Square,Northampton County,NC,252,United States
27870,Standard,Roanoke Rapids,Halifax County,NC,252,United States
27871,Standard,Robersonville,Martin County,NC,252,United States
27872,Standard,Roxobel,Bertie County,NC,252,United States
27873,Po Box,Saratoga,Pitt County,NC,252,United States
27874,Standard,Scotland Neck,Halifax County,NC,252,United States
27875,Standard,Scranton,Hyde County,NC,252,United States
27876,Standard,Seaboard,Northampton County,NC,252,United States
27877,Po Box,Severn,Northampton County,NC,252,United States
27878,Po Box,Sharpsburg,Nash County,NC,252,United States
27879,Po Box,Simpson,Pitt County,NC,252,United States
27880,Standard,Sims,Wilson County,NC,252,United States
27881,Po Box,Speed,Edgecombe County,NC,252,United States
27882,Standard,Spring Hope,Nash County,NC,"252,919",United States
27883,Standard,Stantonsburg,Wilson County,NC,"252,919",United States
27884,Standard,Stokes,Pitt County,NC,252,United States
27885,Standard,Swanquarter,Hyde County,NC,252,United States
27886,Standard,Tarboro,Edgecombe County,NC,"252,919",United States
27887,Po Box,Tillery,Halifax County,NC,252,United States
27888,Standard,Walstonburg,Greene County,NC,252,United States
27889,Standard,Washington,Beaufort County,NC,"252,919",United States
27890,Standard,Weldon,Halifax County,NC,252,United States
27891,Standard,Whitakers,Nash County,NC,252,United States
27892,Standard,Williamston,Martin County,NC,252,United States
27893,Standard,Wilson,Wilson County,NC,"252,919",United States
27894,Po Box,Wilson,Wilson County,NC,252,United States
27895,Po Box,Wilson,Wilson County,NC,252,United States
27896,Standard,Wilson,Wilson County,NC,252,United States
27897,Standard,Woodland,Northampton County,NC,252,United States
27906,Po Box,Elizabeth City,Pasquotank County,NC,252,United States
27907,Po Box,Elizabeth City,Pasquotank County,NC,252,United States
27909,Standard,Elizabeth City,Pasquotank County,NC,"252,919",United States
27910,Standard,Ahoskie,Hertford County,NC,252,United States
27915,Po Box,Avon,Dare County,NC,252,United States
27916,Standard,Aydlett,Currituck County,NC,252,United States
27917,Standard,Barco,Currituck County,NC,252,United States
27919,Standard,Belvidere,Perquimans County,NC,252,United States
27920,Po Box,Buxton,Dare County,NC,252,United States
27921,Standard,Camden,Camden County,NC,252,United States
27922,Standard,Cofield,Hertford County,NC,252,United States
27923,Standard,Coinjock,Currituck County,NC,252,United States
27924,Standard,Colerain,Bertie County,NC,252,United States
27925,Standard,Columbia,Tyrrell County,NC,"919,252",United States
27926,Standard,Corapeake,Gates County,NC,252,United States
27927,Standard,Corolla,Currituck County,NC,252,United States
27928,Standard,Creswell,Washington County,NC,252,United States
27929,Standard,Currituck,Currituck County,NC,252,United States
27930,Po Box,Durants Neck,Perquimans County,NC,252,United States
27932,Standard,Edenton,Chowan County,NC,252,United States
27935,Standard,Eure,Gates County,NC,252,United States
27936,Po Box,Frisco,Dare County,NC,252,United States
27937,Standard,Gates,Gates County,NC,252,United States
27938,Standard,Gatesville,Gates County,NC,252,United States
27939,Standard,Grandy,Currituck County,NC,252,United States
27941,Standard,Harbinger,Currituck County,NC,252,United States
27942,Standard,Harrellsville,Hertford County,NC,252,United States
27943,Po Box,Hatteras,Dare County,NC,252,United States
27944,Standard,Hertford,Perquimans County,NC,252,United States
27946,Standard,Hobbsville,Gates County,NC,252,United States
27947,Standard,Jarvisburg,Currituck County,NC,252,United States
27948,Standard,Kill Devil Hills,Dare County,NC,252,United States
27949,Standard,Kitty Hawk,Dare County,NC,252,United States
27950,Standard,Knotts Island,Currituck County,NC,252,United States
27953,Standard,Manns Harbor,Dare County,NC,252,United States
27954,Standard,Manteo,Dare County,NC,252,United States
27956,Standard,Maple,Currituck County,NC,252,United States
27957,Standard,Merry Hill,Bertie County,NC,252,United States
27958,Standard,Moyock,Currituck County,NC,252,United States
27959,Standard,Nags Head,Dare County,NC,252,United States
27960,Po Box,Ocracoke,Hyde County,NC,252,United States
27962,Standard,Plymouth,Washington County,NC,252,United States
27964,Standard,Point Harbor,Currituck County,NC,252,United States
27965,Standard,Poplar Branch,Currituck County,NC,252,United States
27966,Standard,Powells Point,Currituck County,NC,252,United States
27967,Po Box,Powellsville,Bertie County,NC,252,United States
27968,Po Box,Rodanthe,Dare County,NC,252,United States
27969,Po Box,Roduco,Gates County,NC,252,United States
27970,Standard,Roper,Washington County,NC,252,United States
27972,Po Box,Salvo,Dare County,NC,252,United States
27973,Standard,Shawboro,Currituck County,NC,252,United States
27974,Standard,Shiloh,Camden County,NC,252,United States
27976,Standard,South Mills,Camden County,NC,252,United States
27978,Standard,Stumpy Point,Dare County,NC,252,United States
27979,Standard,Sunbury,Gates County,NC,252,United States
27980,Standard,Tyner,Chowan County,NC,252,United States
27981,Standard,Wanchese,Dare County,NC,252,United States
27982,Po Box,Waves,Dare County,NC,252,United States
27983,Standard,Windsor,Bertie County,NC,252,United States
27985,Po Box,Winfall,Perquimans County,NC,252,United States
27986,Standard,Winton,Hertford County,NC,252,United States
28001,Standard,Albemarle,Stanly County,NC,"704,980",United States
28002,Po Box,Albemarle,Stanly County,NC,704,United States
28006,Standard,Alexis,Gaston County,NC,704,United States
28007,Po Box,Ansonville,Anson County,NC,704,United States
28009,Po Box,Badin,Stanly County,NC,704,United States
28010,Po Box,Barium Springs,Iredell County,NC,704,United States
28012,Standard,Belmont,Gaston County,NC,704,United States
28016,Standard,Bessemer City,Gaston County,NC,704,United States
28017,Po Box,Boiling Springs,Cleveland County,NC,704,United States
28018,Standard,Bostic,Rutherford County,NC,828,United States
28019,Po Box,Caroleen,Rutherford County,NC,828,United States
28020,Standard,Casar,Cleveland County,NC,704,United States
28021,Standard,Cherryville,Gaston County,NC,704,United States
28023,Standard,China Grove,Rowan County,NC,704,United States
28024,Po Box,Cliffside,Rutherford County,NC,828,United States
28025,Standard,Concord,Cabarrus County,NC,704,United States
28026,Po Box,Concord,Cabarrus County,NC,704,United States
28027,Standard,Concord,Cabarrus County,NC,"704,980",United States
28031,Standard,Cornelius,Mecklenburg County,NC,704,United States
28032,Standard,Cramerton,Gaston County,NC,704,United States
28033,Standard,Crouse,Lincoln County,NC,704,United States
28034,Standard,Dallas,Gaston County,NC,704,United States
28035,Standard,Davidson,Mecklenburg County,NC,704,United States
28036,Standard,Davidson,Mecklenburg County,NC,704,United States
28037,Standard,Denver,Lincoln County,NC,704,United States
28038,Po Box,Earl,Cleveland County,NC,704,United States
28039,Po Box,East Spencer,Rowan County,NC,,United States
28040,Standard,Ellenboro,Rutherford County,NC,"828,704",United States
28041,Po Box,Faith,Rowan County,NC,704,United States
28042,Po Box,Fallston,Cleveland County,NC,704,United States
28043,Standard,Forest City,Rutherford County,NC,828,United States
28052,Standard,Gastonia,Gaston County,NC,"704,980",United States
28053,Po Box,Gastonia,Gaston County,NC,704,United States
28054,Standard,Gastonia,Gaston County,NC,704,United States
28055,Po Box,Gastonia,Gaston County,NC,704,United States
28056,Standard,Gastonia,Gaston County,NC,"704,980",United States
28070,Po Box,Huntersville,Mecklenburg County,NC,704,United States
28071,Standard,Gold Hill,Rowan County,NC,704,United States
28072,Po Box,Granite Quarry,Rowan County,NC,704,United States
28073,Standard,Grover,Cleveland County,NC,704,United States
28074,Po Box,Harris,Rutherford County,NC,704,United States
28075,Standard,Harrisburg,Cabarrus County,NC,704,United States
28076,Po Box,Henrietta,Rutherford County,NC,828,United States
28077,Po Box,High Shoals,Gaston County,NC,704,United States
28078,Standard,Huntersville,Mecklenburg County,NC,704,United States
28079,Standard,Indian Trail,Union County,NC,704,United States
28080,Standard,Iron Station,Lincoln County,NC,704,United States
28081,Standard,Kannapolis,Cabarrus County,NC,704,United States
28082,Po Box,Kannapolis,Cabarrus County,NC,704,United States
28083,Standard,Kannapolis,Cabarrus County,NC,704,United States
28086,Standard,Kings Mountain,Cleveland County,NC,704,United States
28088,Standard,Landis,Rowan County,NC,704,United States
28089,Po Box,Lattimore,Cleveland County,NC,704,United States
28090,Standard,Lawndale,Cleveland County,NC,704,United States
28091,Standard,Lilesville,Anson County,NC,704,United States
28092,Standard,Lincolnton,Lincoln County,NC,"704,828,980",United States
28093,Po Box,Lincolnton,Lincoln County,NC,704,United States
28097,Standard,Locust,Stanly County,NC,704,United States
28098,Standard,Lowell,Gaston County,NC,704,United States
28101,Standard,Mc Adenville,Gaston County,NC,704,United States
28102,Po Box,Mc Farlan,Anson County,NC,704,United States
28103,Standard,Marshville,Union County,NC,704,United States
28104,Standard,Matthews,Union County,NC,704,United States
28105,Standard,Matthews,Mecklenburg County,NC,704,United States
28106,Po Box,Matthews,Mecklenburg County,NC,704,United States
28107,Standard,Midland,Cabarrus County,NC,704,United States
28108,Po Box,Mineral Springs,Union County,NC,704,United States
28109,Po Box,Misenheimer,Stanly County,NC,704,United States
28110,Standard,Monroe,Union County,NC,"704,980",United States
28111,Po Box,Monroe,Union County,NC,704,United States
28112,Standard,Monroe,Union County,NC,704,United States
28114,Standard,Mooresboro,Rutherford County,NC,"828,704",United States
28115,Standard,Mooresville,Iredell County,NC,704,United States
28117,Standard,Mooresville,Iredell County,NC,704,United States
28119,Standard,Morven,Anson County,NC,704,United States
28120,Standard,Mount Holly,Gaston County,NC,704,United States
28123,Po Box,Mount Mourne,Iredell County,NC,704,United States
28124,Standard,Mount Pleasant,Cabarrus County,NC,704,United States
28125,Standard,Mount Ulla,Rowan County,NC,704,United States
28126,Po Box,Newell,Mecklenburg County,NC,704,United States
28127,Standard,New London,Stanly County,NC,"336,704,919",United States
28128,Standard,Norwood,Stanly County,NC,704,United States
28129,Standard,Oakboro,Stanly County,NC,704,United States
28130,Po Box,Paw Creek,Mecklenburg County,NC,704,United States
28133,Standard,Peachland,Anson County,NC,704,United States
28134,Standard,Pineville,Mecklenburg County,NC,704,United States
28135,Standard,Polkton,Anson County,NC,704,United States
28136,Po Box,Polkville,Cleveland County,NC,704,United States
28137,Standard,Richfield,Stanly County,NC,704,United States
28138,Standard,Rockwell,Rowan County,NC,704,United States
28139,Standard,Rutherfordton,Rutherford County,NC,828,United States
28144,Standard,Salisbury,Rowan County,NC,"704,336",United States
28145,Po Box,Salisbury,Rowan County,NC,704,United States
28146,Standard,Salisbury,Rowan County,NC,"704,980",United States
28147,Standard,Salisbury,Rowan County,NC,"704,980",United States
28150,Standard,Shelby,Cleveland County,NC,"704,980",United States
28151,Po Box,Shelby,Cleveland County,NC,704,United States
28152,Standard,Shelby,Cleveland County,NC,704,United States
28159,Standard,Spencer,Rowan County,NC,"704,336",United States
28160,Standard,Spindale,Rutherford County,NC,828,United States
28163,Standard,Stanfield,Stanly County,NC,704,United States
28164,Standard,Stanley,Gaston County,NC,704,United States
28166,Standard,Troutman,Iredell County,NC,704,United States
28167,Standard,Union Mills,Rutherford County,NC,828,United States
28168,Standard,Vale,Lincoln County,NC,704,United States
28169,Po Box,Waco,Cleveland County,NC,704,United States
28170,Standard,Wadesboro,Anson County,NC,704,United States
28173,Standard,Waxhaw,Union County,NC,704,United States
28174,Standard,Wingate,Union County,NC,704,United States
28201,Po Box,Charlotte,Mecklenburg County,NC,704,United States
28202,Standard,Charlotte,Mecklenburg County,NC,"704,980",United States
28203,Standard,Charlotte,Mecklenburg County,NC,"704,980",United States
28204,Standard,Charlotte,Mecklenburg County,NC,704,United States
28205,Standard,Charlotte,Mecklenburg County,NC,704,United States
28206,Standard,Charlotte,Mecklenburg County,NC,704,United States
28207,Standard,Charlotte,Mecklenburg County,NC,704,United States
28208,Standard,Charlotte,Mecklenburg County,NC,704,United States
28209,Standard,Charlotte,Mecklenburg County,NC,704,United States
28210,Standard,Charlotte,Mecklenburg County,NC,704,United States
28211,Standard,Charlotte,Mecklenburg County,NC,"704,980",United States
28212,Standard,Charlotte,Mecklenburg County,NC,"704,980",United States
28213,Standard,Charlotte,Mecklenburg County,NC,704,United States
28214,Standard,Charlotte,Mecklenburg County,NC,704,United States
28215,Standard,Charlotte,Mecklenburg County,NC,704,United States
28216,Standard,Charlotte,Mecklenburg County,NC,704,United States
28217,Standard,Charlotte,Mecklenburg County,NC,"704,919,980",United States
28218,Po Box,Charlotte,Mecklenburg County,NC,704,United States
28219,Po Box,Charlotte,Mecklenburg County,NC,704,United States
28220,Po Box,Charlotte,Mecklenburg County,NC,704,United States
28221,Po Box,Charlotte,Mecklenburg County,NC,704,United States
28222,Po Box,Charlotte,Mecklenburg County,NC,704,United States
28223,Unique,Charlotte,Mecklenburg County,NC,704,United States
28224,Po Box,Charlotte,Mecklenburg County,NC,704,United States
28226,Standard,Charlotte,Mecklenburg County,NC,704,United States
28227,Standard,Charlotte,Mecklenburg County,NC,704,United States
28228,Unique,Charlotte,Mecklenburg County,NC,704,United States
28229,Po Box,Charlotte,Mecklenburg County,NC,704,United States
28230,Po Box,Charlotte,Mecklenburg County,NC,704,United States
28231,Po Box,Charlotte,Mecklenburg County,NC,704,United States
28232,Po Box,Charlotte,Mecklenburg County,NC,704,United States
28233,Po Box,Charlotte,Mecklenburg County,NC,704,United States
28234,Po Box,Charlotte,Mecklenburg County,NC,704,United States
28235,Po Box,Charlotte,Mecklenburg County,NC,704,United States
28236,Po Box,Charlotte,Mecklenburg County,NC,704,United States
28237,Po Box,Charlotte,Mecklenburg County,NC,704,United States
28241,Po Box,Charlotte,Mecklenburg County,NC,704,United States
28242,Unique,Charlotte,Mecklenburg County,NC,704,United States
28243,Unique,Charlotte,Mecklenburg County,NC,704,United States
28244,Standard,Charlotte,Mecklenburg County,NC,"704,980",United States
28246,Standard,Charlotte,Mecklenburg County,NC,"704,980",United States
28247,Po Box,Charlotte,Mecklenburg County,NC,704,United States
28250,Unique,Charlotte,Mecklenburg County,NC,704,United States
28253,Unique,Charlotte,Mecklenburg County,NC,704,United States
28254,Standard,Charlotte,Mecklenburg County,NC,704,United States
28255,Unique,Charlotte,Mecklenburg County,NC,704,United States
28256,Po Box,Charlotte,Mecklenburg County,NC,704,United States
28258,Unique,Charlotte,Mecklenburg County,NC,704,United States
28260,Po Box,Charlotte,Mecklenburg County,NC,704,United States
28262,Standard,Charlotte,Mecklenburg County,NC,704,United States
28263,Unique,Charlotte,Mecklenburg County,NC,704,United States
28265,Po Box,Charlotte,Mecklenburg County,NC,704,United States
28266,Po Box,Charlotte,Mecklenburg County,NC,704,United States
28269,Standard,Charlotte,Mecklenburg County,NC,704,United States
28270,Standard,Charlotte,Mecklenburg County,NC,704,United States
28271,Po Box,Charlotte,Mecklenburg County,NC,704,United States
28272,Po Box,Charlotte,Mecklenburg County,NC,704,United States
28273,Standard,Charlotte,Mecklenburg County,NC,704,United States
28274,Unique,Charlotte,Mecklenburg County,NC,704,United States
28275,Po Box,Charlotte,Mecklenburg County,NC,704,United States
28277,Standard,Charlotte,Mecklenburg County,NC,704,United States
28278,Standard,Charlotte,Mecklenburg County,NC,704,United States
28280,Standard,Charlotte,Mecklenburg County,NC,"704,980",United States
28281,Standard,Charlotte,Mecklenburg County,NC,704,United States
28282,Standard,Charlotte,Mecklenburg County,NC,704,United States
28284,Standard,Charlotte,Mecklenburg County,NC,704,United States
28285,Standard,Charlotte,Mecklenburg County,NC,704,United States
28287,Standard,Charlotte,Mecklenburg County,NC,704,United States
28288,Unique,Charlotte,Mecklenburg County,NC,704,United States
28289,Unique,Charlotte,Mecklenburg County,NC,704,United States
28290,Unique,Charlotte,Mecklenburg County,NC,704,United States
28296,Unique,Charlotte,Mecklenburg County,NC,704,United States
28297,Po Box,Charlotte,Mecklenburg County,NC,704,United States
28299,Po Box,Charlotte,Mecklenburg County,NC,704,United States
28301,Standard,Fayetteville,Cumberland County,NC,"910,919",United States
28302,Po Box,Fayetteville,Cumberland County,NC,910,United States
28303,Standard,Fayetteville,Cumberland County,NC,"910,919",United States
28304,Standard,Fayetteville,Cumberland County,NC,910,United States
28305,Standard,Fayetteville,Cumberland County,NC,910,United States
28306,Standard,Fayetteville,Cumberland County,NC,910,United States
28307,Standard,Fort Bragg,Cumberland County,NC,910,United States
28308,Standard,Pope Army Airfield,Cumberland County,NC,910,United States
28309,Po Box,Fayetteville,Cumberland County,NC,910,United States
28310,Unique,Fort Bragg,Cumberland County,NC,910,United States
28311,Standard,Fayetteville,Cumberland County,NC,910,United States
28312,Standard,Fayetteville,Cumberland County,NC,910,United States
28314,Standard,Fayetteville,Cumberland County,NC,910,United States
28315,Standard,Aberdeen,Moore County,NC,910,United States
28318,Standard,Autryville,Sampson County,NC,910,United States
28319,Po Box,Barnesville,Robeson County,NC,910,United States
28320,Standard,Bladenboro,Bladen County,NC,910,United States
28323,Standard,Bunnlevel,Harnett County,NC,910,United States
28325,Po Box,Calypso,Duplin County,NC,919,United States
28326,Standard,Cameron,Harnett County,NC,"910,919",United States
28327,Standard,Carthage,Moore County,NC,910,United States
28328,Standard,Clinton,Sampson County,NC,910,United States
28329,Po Box,Clinton,Sampson County,NC,910,United States
28330,Po Box,Cordova,Richmond County,NC,910,United States
28331,Po Box,Cumberland,Cumberland County,NC,910,United States
28332,Po Box,Dublin,Bladen County,NC,910,United States
28333,Standard,Dudley,Wayne County,NC,919,United States
28334,Standard,Dunn,Harnett County,NC,"910,919",United States
28335,Po Box,Dunn,Harnett County,NC,910,United States
28337,Standard,Elizabethtown,Bladen County,NC,910,United States
28338,Standard,Ellerbe,Richmond County,NC,910,United States
28339,Standard,Erwin,Harnett County,NC,910,United States
28340,Standard,Fairmont,Robeson County,NC,910,United States
28341,Standard,Faison,Duplin County,NC,910,United States
28342,Po Box,Falcon,Cumberland County,NC,910,United States
28343,Standard,Gibson,Scotland County,NC,"910,843",United States
28344,Standard,Godwin,Sampson County,NC,910,United States
28345,Standard,Hamlet,Richmond County,NC,910,United States
28347,Standard,Hoffman,Richmond County,NC,910,United States
28348,Standard,Hope Mills,Cumberland County,NC,910,United States
28349,Standard,Kenansville,Duplin County,NC,910,United States
28350,Po Box,Lakeview,Moore County,NC,910,United States
28351,Standard,Laurel Hill,Scotland County,NC,910,United States
28352,Standard,Laurinburg,Scotland County,NC,910,United States
28353,Po Box,Laurinburg,Scotland County,NC,910,United States
28355,Po Box,Lemon Springs,Lee County,NC,919,United States
28356,Standard,Linden,Cumberland County,NC,910,United States
28357,Standard,Lumber Bridge,Robeson County,NC,910,United States
28358,Standard,Lumberton,Robeson County,NC,910,United States
28359,Po Box,Lumberton,Robeson County,NC,910,United States
28360,Standard,Lumberton,Robeson County,NC,910,United States
28362,Po Box,Marietta,Robeson County,NC,910,United States
28363,Standard,Marston,Richmond County,NC,910,United States
28364,Standard,Maxton,Robeson County,NC,910,United States
28365,Standard,Mount Olive,Duplin County,NC,"919,910",United States
28366,Standard,Newton Grove,Sampson County,NC,"910,919",United States
28367,Po Box,Norman,Richmond County,NC,910,United States
28368,Po Box,Olivia,Harnett County,NC,919,United States
28369,Standard,Orrum,Robeson County,NC,910,United States
28370,Po Box,Pinehurst,Moore County,NC,910,United States
28371,Standard,Parkton,Robeson County,NC,910,United States
28372,Standard,Pembroke,Robeson County,NC,910,United States
28373,Standard,Pinebluff,Moore County,NC,910,United States
28374,Standard,Pinehurst,Moore County,NC,910,United States
28375,Po Box,Proctorville,Robeson County,NC,910,United States
28376,Standard,Raeford,Hoke County,NC,910,United States
28377,Standard,Red Springs,Robeson County,NC,910,United States
28378,Po Box,Rex,Robeson County,NC,910,United States
28379,Standard,Rockingham,Richmond County,NC,910,United States
28380,Po Box,Rockingham,Richmond County,NC,910,United States
28382,Standard,Roseboro,Sampson County,NC,910,United States
28383,Standard,Rowland,Robeson County,NC,910,United States
28384,Standard,Saint Pauls,Robeson County,NC,910,United States
28385,Standard,Salemburg,Sampson County,NC,910,United States
28386,Standard,Shannon,Robeson County,NC,910,United States
28387,Standard,Southern Pines,Moore County,NC,910,United States
28388,Po Box,Southern Pines,Moore County,NC,910,United States
28390,Standard,Spring Lake,Harnett County,NC,910,United States
28391,Standard,Stedman,Cumberland County,NC,910,United States
28392,Standard,Tar Heel,Bladen County,NC,910,United States
28393,Standard,Turkey,Sampson County,NC,910,United States
28394,Standard,Vass,Moore County,NC,"910,919",United States
28395,Standard,Wade,Cumberland County,NC,910,United States
28396,Standard,Wagram,Scotland County,NC,910,United States
28398,Standard,Warsaw,Duplin County,NC,910,United States
28399,Standard,White Oak,Bladen County,NC,910,United States
28401,Standard,Wilmington,New Hanover County,NC,910,United States
28402,Po Box,Wilmington,New Hanover County,NC,910,United States
28403,Standard,Wilmington,New Hanover County,NC,910,United States
28404,Po Box,Wilmington,New Hanover County,NC,910,United States
28405,Standard,Wilmington,New Hanover County,NC,910,United States
28406,Po Box,Wilmington,New Hanover County,NC,910,United States
28407,Po Box,Wilmington,New Hanover County,NC,910,United States
28408,Po Box,Wilmington,New Hanover County,NC,910,United States
28409,Standard,Wilmington,New Hanover County,NC,910,United States
28410,Unique,Wilmington,New Hanover County,NC,910,United States
28411,Standard,Wilmington,New Hanover County,NC,910,United States
28412,Standard,Wilmington,New Hanover County,NC,910,United States
28420,Standard,Ash,Brunswick County,NC,910,United States
28421,Standard,Atkinson,Pender County,NC,910,United States
28422,Standard,Bolivia,Brunswick County,NC,910,United States
28423,Standard,Bolton,Columbus County,NC,910,United States
28424,Po Box,Brunswick,Columbus County,NC,910,United States
28425,Standard,Burgaw,Pender County,NC,910,United States
28428,Standard,Carolina Beach,New Hanover County,NC,910,United States
28429,Standard,Castle Hayne,New Hanover County,NC,910,United States
28430,Standard,Cerro Gordo,Columbus County,NC,910,United States
28431,Standard,Chadbourn,Columbus County,NC,910,United States
28432,Standard,Clarendon,Columbus County,NC,910,United States
28433,Standard,Clarkton,Bladen County,NC,910,United States
28434,Standard,Council,Bladen County,NC,910,United States
28435,Standard,Currie,Pender County,NC,910,United States
28436,Standard,Delco,Columbus County,NC,910,United States
28438,Standard,Evergreen,Columbus County,NC,910,United States
28439,Standard,Fair Bluff,Columbus County,NC,910,United States
28441,Standard,Garland,Sampson County,NC,910,United States
28442,Standard,Hallsboro,Columbus County,NC,910,United States
28443,Standard,Hampstead,Pender County,NC,910,United States
28444,Standard,Harrells,Sampson County,NC,910,United States
28445,Standard,Holly Ridge,Onslow County,NC,910,United States
28447,Standard,Ivanhoe,Sampson County,NC,910,United States
28448,Standard,Kelly,Bladen County,NC,910,United States
28449,Standard,Kure Beach,New Hanover County,NC,910,United States
28450,Standard,Lake Waccamaw,Columbus County,NC,910,United States
28451,Standard,Leland,Brunswick County,NC,910,United States
28452,Standard,Longwood,Brunswick County,NC,910,United States
28453,Standard,Magnolia,Duplin County,NC,910,United States
28454,Standard,Maple Hill,Pender County,NC,910,United States
28455,Standard,Nakina,Columbus County,NC,910,United States
28456,Standard,Riegelwood,Columbus County,NC,910,United States
28457,Standard,Rocky Point,Pender County,NC,910,United States
28458,Standard,Rose Hill,Duplin County,NC,"252,910",United States
28459,Po Box,Shallotte,Brunswick County,NC,910,United States
28460,Standard,Sneads Ferry,Onslow County,NC,910,United States
28461,Standard,Southport,Brunswick County,NC,910,United States
28462,Standard,Supply,Brunswick County,NC,910,United States
28463,Standard,Tabor City,Columbus County,NC,"919,910",United States
28464,Standard,Teachey,Duplin County,NC,910,United States
28465,Standard,Oak Island,Brunswick County,NC,910,United States
28466,Standard,Wallace,Duplin County,NC,910,United States
28467,Standard,Calabash,Brunswick County,NC,910,United States
28468,Standard,Sunset Beach,Brunswick County,NC,910,United States
28469,Standard,Ocean Isle Beach,Brunswick County,NC,910,United States
28470,Standard,Shallotte,Brunswick County,NC,910,United States
28472,Standard,Whiteville,Columbus County,NC,910,United States
28478,Standard,Willard,Pender County,NC,910,United States
28479,Standard,Winnabow,Brunswick County,NC,910,United States
28480,Standard,Wrightsville Beach,New Hanover County,NC,910,United States
28501,Standard,Kinston,Lenoir County,NC,252,United States
28502,Po Box,Kinston,Lenoir County,NC,252,United States
28503,Po Box,Kinston,Lenoir County,NC,252,United States
28504,Standard,Kinston,Lenoir County,NC,252,United States
28508,Standard,Albertson,Duplin County,NC,"252,919",United States
28509,Po Box,Alliance,Pamlico County,NC,252,United States
28510,Standard,Arapahoe,Pamlico County,NC,252,United States
28511,Standard,Atlantic,Carteret County,NC,252,United States
28512,Standard,Atlantic Beach,Carteret County,NC,252,United States
28513,Standard,Ayden,Pitt County,NC,252,United States
28515,Standard,Bayboro,Pamlico County,NC,252,United States
28516,Standard,Beaufort,Carteret County,NC,252,United States
28518,Standard,Beulaville,Duplin County,NC,910,United States
28519,Po Box,Bridgeton,Craven County,NC,252,United States
28520,Standard,Cedar Island,Carteret County,NC,252,United States
28521,Standard,Chinquapin,Duplin County,NC,910,United States
28522,Po Box,Comfort,Jones County,NC,,United States
28523,Standard,Cove City,Craven County,NC,252,United States
28524,Po Box,Davis,Carteret County,NC,252,United States
28525,Standard,Deep Run,Lenoir County,NC,252,United States
28526,Standard,Dover,Craven County,NC,252,United States
28527,Standard,Ernul,Craven County,NC,252,United States
28528,Standard,Gloucester,Carteret County,NC,252,United States
28529,Standard,Grantsboro,Pamlico County,NC,252,United States
28530,Standard,Grifton,Pitt County,NC,252,United States
28531,Standard,Harkers Island,Carteret County,NC,252,United States
28532,Standard,Havelock,Craven County,NC,252,United States
28533,Standard,Cherry Point,Craven County,NC,252,United States
28537,Standard,Hobucken,Pamlico County,NC,252,United States
28538,Standard,Hookerton,Greene County,NC,252,United States
28539,Standard,Hubert,Onslow County,NC,910,United States
28540,Standard,Jacksonville,Onslow County,NC,910,United States
28541,Po Box,Jacksonville,Onslow County,NC,910,United States
28542,Po Box,Camp Lejeune,Onslow County,NC,910,United States
28543,Standard,Tarawa Terrace,Onslow County,NC,910,United States
28544,Standard,Midway Park,Onslow County,NC,910,United States
28545,Standard,Mccutcheon Field,Onslow County,NC,910,United States
28546,Standard,Jacksonville,Onslow County,NC,910,United States
28547,Standard,Camp Lejeune,Onslow County,NC,910,United States
28551,Standard,La Grange,Lenoir County,NC,"252,919",United States
28552,Standard,Lowland,Pamlico County,NC,252,United States
28553,Standard,Marshallberg,Carteret County,NC,252,United States
28554,Po Box,Maury,Greene County,NC,252,United States
28555,Standard,Maysville,Onslow County,NC,910,United States
28556,Standard,Merritt,Pamlico County,NC,252,United States
28557,Standard,Morehead City,Carteret County,NC,252,United States
28560,Standard,New Bern,Craven County,NC,"919,252",United States
28561,Po Box,New Bern,Craven County,NC,252,United States
28562,Standard,New Bern,Craven County,NC,"252,919",United States
28563,Po Box,New Bern,Craven County,NC,252,United States
28564,Po Box,New Bern,Craven County,NC,252,United States
28570,Standard,Newport,Carteret County,NC,252,United States
28571,Standard,Oriental,Pamlico County,NC,"252,704",United States
28572,Standard,Pink Hill,Lenoir County,NC,"919,252,910",United States
28573,Standard,Pollocksville,Jones County,NC,"252,910",United States
28574,Standard,Richlands,Onslow County,NC,910,United States
28575,Po Box,Salter Path,Carteret County,NC,"336,252",United States
28577,Standard,Sealevel,Carteret County,NC,252,United States
28578,Standard,Seven Springs,Wayne County,NC,"252,919",United States
28579,Standard,Smyrna,Carteret County,NC,252,United States
28580,Standard,Snow Hill,Greene County,NC,252,United States
28581,Standard,Stacy,Carteret County,NC,252,United States
28582,Standard,Stella,Carteret County,NC,"252,910",United States
28583,Po Box,Stonewall,Pamlico County,NC,252,United States
28584,Standard,Swansboro,Onslow County,NC,"252,910",United States
28585,Standard,Trenton,Jones County,NC,"252,910",United States
28586,Standard,Vanceboro,Craven County,NC,252,United States
28587,Standard,Vandemere,Pamlico County,NC,252,United States
28589,Po Box,Williston,Carteret County,NC,252,United States
28590,Standard,Winterville,Pitt County,NC,252,United States
28594,Standard,Emerald Isle,Carteret County,NC,252,United States
28601,Standard,Hickory,Catawba County,NC,828,United States
28602,Standard,Hickory,Catawba County,NC,"704,828",United States
28603,Po Box,Hickory,Catawba County,NC,828,United States
28604,Standard,Banner Elk,Avery County,NC,828,United States
28605,Standard,Blowing Rock,Watauga County,NC,828,United States
28606,Standard,Boomer,Wilkes County,NC,336,United States
28607,Standard,Boone,Watauga County,NC,"704,828",United States
28608,Unique,Boone,Watauga County,NC,828,United States
28609,Standard,Catawba,Catawba County,NC,"704,828",United States
28610,Standard,Claremont,Catawba County,NC,828,United States
28611,Standard,Collettsville,Avery County,NC,828,United States
28612,Standard,Connellys Springs,Burke County,NC,828,United States
28613,Standard,Conover,Catawba County,NC,828,United States
28615,Standard,Creston,Ashe County,NC,336,United States
28616,Po Box,Crossnore,Avery County,NC,828,United States
28617,Standard,Crumpler,Ashe County,NC,336,United States
28618,Standard,Deep Gap,Watauga County,NC,"336,828",United States
28619,Po Box,Drexel,Burke County,NC,828,United States
28621,Standard,Elkin,Surry County,NC,336,United States
28622,Standard,Elk Park,Avery County,NC,"704,828",United States
28623,Standard,Ennice,Alleghany County,NC,336,United States
28624,Standard,Ferguson,Wilkes County,NC,336,United States
28625,Standard,Statesville,Iredell County,NC,704,United States
28626,Standard,Fleetwood,Ashe County,NC,336,United States
28627,Standard,Glade Valley,Alleghany County,NC,336,United States
28628,Po Box,Glen Alpine,Burke County,NC,828,United States
28629,Standard,Glendale Springs,Ashe County,NC,336,United States
28630,Standard,Granite Falls,Caldwell County,NC,"704,828",United States
28631,Standard,Grassy Creek,Ashe County,NC,336,United States
28633,Unique,Lenoir,Caldwell County,NC,828,United States
28634,Standard,Harmony,Iredell County,NC,"704,336",United States
28635,Standard,Hays,Wilkes County,NC,336,United States
28636,Standard,Hiddenite,Alexander County,NC,"704,828",United States
28637,Standard,Hildebran,Burke County,NC,"704,828",United States
28638,Standard,Hudson,Caldwell County,NC,828,United States
28640,Standard,Jefferson,Ashe County,NC,336,United States
28641,Po Box,Jonas Ridge,Avery County,NC,828,United States
28642,Standard,Jonesville,Yadkin County,NC,336,United States
28643,Standard,Lansing,Ashe County,NC,336,United States
28644,Standard,Laurel Springs,Alleghany County,NC,336,United States
28645,Standard,Lenoir,Caldwell County,NC,"704,828",United States
28646,Po Box,Linville,Avery County,NC,828,United States
28647,Po Box,Linville Falls,Avery County,NC,828,United States
28649,Standard,Mc Grady,Wilkes County,NC,336,United States
28650,Standard,Maiden,Catawba County,NC,"828,704",United States
28651,Standard,Millers Creek,Wilkes County,NC,336,United States
28652,Po Box,Minneapolis,Avery County,NC,828,United States
28653,Po Box,Montezuma,Avery County,NC,828,United States
28654,Standard,Moravian Falls,Wilkes County,NC,"336,704",United States
28655,Standard,Morganton,Burke County,NC,"704,828",United States
28656,Unique,North Wilkesboro,Wilkes County,NC,336,United States
28657,Standard,Newland,Avery County,NC,828,United States
28658,Standard,Newton,Catawba County,NC,"704,828",United States
28659,Standard,North Wilkesboro,Wilkes County,NC,336,United States
28660,Standard,Olin,Iredell County,NC,704,United States
28661,Po Box,Patterson,Caldwell County,NC,828,United States
28662,Po Box,Pineola,Avery County,NC,828,United States
28663,Standard,Piney Creek,Alleghany County,NC,336,United States
28664,Po Box,Plumtree,Avery County,NC,704,United States
28665,Standard,Purlear,Wilkes County,NC,336,United States
28666,Po Box,Icard,Burke County,NC,828,United States
28667,Po Box,Rhodhiss,,NC,828,United States
28668,Standard,Roaring Gap,Alleghany County,NC,336,United States
28669,Standard,Roaring River,Wilkes County,NC,336,United States
28670,Standard,Ronda,Wilkes County,NC,336,United States
28671,Po Box,Rutherford College,Burke County,NC,828,United States
28672,Standard,Scottville,Ashe County,NC,336,United States
28673,Standard,Sherrills Ford,Catawba County,NC,"828,704",United States
28674,Unique,North Wilkesboro,Wilkes County,NC,336,United States
28675,Standard,Sparta,Alleghany County,NC,336,United States
28676,Standard,State Road,Surry County,NC,336,United States
28677,Standard,Statesville,Iredell County,NC,704,United States
28678,Standard,Stony Point,Alexander County,NC,704,United States
28679,Standard,Sugar Grove,Watauga County,NC,828,United States
28680,Po Box,Morganton,Burke County,NC,828,United States
28681,Standard,Taylorsville,Alexander County,NC,828,United States
28682,Standard,Terrell,Catawba County,NC,828,United States
28683,Standard,Thurmond,Surry County,NC,336,United States
28684,Standard,Todd,Ashe County,NC,"336,828",United States
28685,Standard,Traphill,Wilkes County,NC,336,United States
28687,Po Box,Statesville,Iredell County,NC,704,United States
28688,Po Box,Turnersburg,Iredell County,NC,704,United States
28689,Standard,Union Grove,Iredell County,NC,"704,336",United States
28690,Standard,Valdese,Burke County,NC,828,United States
28691,Po Box,Valle Crucis,Watauga County,NC,828,United States
28692,Standard,Vilas,Watauga County,NC,828,United States
28693,Standard,Warrensville,Ashe County,NC,336,United States
28694,Standard,West Jefferson,Ashe County,NC,336,United States
28697,Standard,Wilkesboro,Wilkes County,NC,336,United States
28698,Standard,Zionville,Watauga County,NC,"828,336",United States
28699,Po Box,Scotts,Alexander County,NC,704,United States
28701,Standard,Alexander,Buncombe County,NC,828,United States
28702,Standard,Almond,Graham County,NC,828,United States
28704,Standard,Arden,Buncombe County,NC,828,United States
28705,Standard,Bakersville,Mitchell County,NC,828,United States
28707,Po Box,Balsam,Jackson County,NC,828,United States
28708,Standard,Balsam Grove,Transylvania County,NC,828,United States
28709,Standard,Barnardsville,Buncombe County,NC,828,United States
28710,Po Box,Bat Cave,Henderson County,NC,828,United States
28711,Standard,Black Mountain,Buncombe County,NC,828,United States
28712,Standard,Brevard,Transylvania County,NC,"828,704",United States
28713,Standard,Bryson City,Swain County,NC,828,United States
28714,Standard,Burnsville,Yancey County,NC,828,United States
28715,Standard,Candler,Buncombe County,NC,828,United States
28716,Standard,Canton,Haywood County,NC,"704,828",United States
28717,Standard,Cashiers,Jackson County,NC,828,United States
28718,Standard,Cedar Mountain,Transylvania County,NC,828,United States
28719,Standard,Cherokee,Swain County,NC,828,United States
28720,Po Box,Chimney Rock,Rutherford County,NC,828,United States
28721,Standard,Clyde,Haywood County,NC,828,United States
28722,Standard,Columbus,Polk County,NC,828,United States
28723,Standard,Cullowhee,Jackson County,NC,828,United States
28724,Po Box,Dana,Henderson County,NC,828,United States
28725,Po Box,Dillsboro,Jackson County,NC,828,United States
28726,Standard,East Flat Rock,Henderson County,NC,828,United States
28727,Po Box,Edneyville,Henderson County,NC,828,United States
28728,Po Box,Enka,Buncombe County,NC,828,United States
28729,Standard,Etowah,Henderson County,NC,"704,828",United States
28730,Standard,Fairview,Buncombe County,NC,828,United States
28731,Standard,Flat Rock,Henderson County,NC,828,United States
28732,Standard,Fletcher,Buncombe County,NC,"828,704",United States
28733,Standard,Fontana Dam,Graham County,NC,828,United States
28734,Standard,Franklin,Macon County,NC,828,United States
28735,Standard,Gerton,Henderson County,NC,828,United States
28736,Standard,Glenville,Jackson County,NC,828,United States
28737,Po Box,Glenwood,McDowell County,NC,828,United States
28738,Po Box,Hazelwood,Haywood County,NC,828,United States
28739,Standard,Hendersonville,Henderson County,NC,"704,828",United States
28740,Standard,Green Mountain,Yancey County,NC,828,United States
28741,Standard,Highlands,Macon County,NC,828,United States
28742,Standard,Horse Shoe,Henderson County,NC,828,United States
28743,Standard,Hot Springs,Madison County,NC,828,United States
28744,Po Box,Franklin,Macon County,NC,828,United States
28745,Standard,Lake Junaluska,Haywood County,NC,828,United States
28746,Standard,Lake Lure,Rutherford County,NC,828,United States
28747,Standard,Lake Toxaway,Transylvania County,NC,828,United States
28748,Standard,Leicester,Buncombe County,NC,828,United States
28749,Po Box,Little Switzerland,Mitchell County,NC,828,United States
28750,Po Box,Lynn,Polk County,NC,828,United States
28751,Standard,Maggie Valley,Haywood County,NC,828,United States
28752,Standard,Marion,McDowell County,NC,"828,704",United States
28753,Standard,Marshall,Madison County,NC,828,United States
28754,Standard,Mars Hill,Madison County,NC,828,United States
28755,Po Box,Micaville,Yancey County,NC,828,United States
28756,Standard,Mill Spring,Polk County,NC,828,United States
28757,Po Box,Montreat,Buncombe County,NC,828,United States
28758,Po Box,Mountain Home,Henderson County,NC,828,United States
28759,Standard,Mills River,Henderson County,NC,828,United States
28760,Po Box,Naples,Henderson County,NC,828,United States
28761,Standard,Nebo,McDowell County,NC,828,United States
28762,Standard,Old Fort,McDowell County,NC,828,United States
28763,Standard,Otto,Macon County,NC,828,United States
28765,Po Box,Penland,Mitchell County,NC,828,United States
28766,Standard,Penrose,Transylvania County,NC,828,United States
28768,Standard,Pisgah Forest,Transylvania County,NC,828,United States
28770,Po Box,Ridgecrest,Buncombe County,NC,828,United States
28771,Standard,Robbinsville,Graham County,NC,"704,828",United States
28772,Standard,Rosman,Transylvania County,NC,828,United States
28773,Standard,Saluda,Polk County,NC,828,United States
28774,Standard,Sapphire,Jackson County,NC,828,United States
28775,Standard,Scaly Mountain,Macon County,NC,828,United States
28776,Po Box,Skyland,Buncombe County,NC,828,United States
28777,Standard,Spruce Pine,Mitchell County,NC,828,United States
28778,Standard,Swannanoa,Buncombe County,NC,828,United States
28779,Standard,Sylva,Jackson County,NC,828,United States
28781,Standard,Topton,Macon County,NC,828,United States
28782,Standard,Tryon,Polk County,NC,828,United States
28783,Standard,Tuckasegee,Jackson County,NC,828,United States
28784,Po Box,Tuxedo,Henderson County,NC,828,United States
28785,Standard,Waynesville,Haywood County,NC,828,United States
28786,Standard,Waynesville,Haywood County,NC,828,United States
28787,Standard,Weaverville,Buncombe County,NC,828,United States
28788,Po Box,Webster,Jackson County,NC,828,United States
28789,Standard,Whittier,Jackson County,NC,828,United States
28790,Standard,Zirconia,Henderson County,NC,828,United States
28791,Standard,Hendersonville,Henderson County,NC,"828,704",United States
28792,Standard,Hendersonville,Henderson County,NC,828,United States
28793,Po Box,Hendersonville,Henderson County,NC,828,United States
28801,Standard,Asheville,Buncombe County,NC,"704,828",United States
28802,Po Box,Asheville,Buncombe County,NC,828,United States
28803,Standard,Asheville,Buncombe County,NC,828,United States
28804,Standard,Asheville,Buncombe County,NC,828,United States
28805,Standard,Asheville,Buncombe County,NC,828,United States
28806,Standard,Asheville,Buncombe County,NC,828,United States
28810,Standard,Asheville,Buncombe County,NC,828,United States
28813,Po Box,Asheville,Buncombe County,NC,828,United States
28814,Po Box,Asheville,Buncombe County,NC,828,United States
28815,Po Box,Asheville,Buncombe County,NC,828,United States
28816,Po Box,Asheville,Buncombe County,NC,828,United States
28901,Standard,Andrews,Cherokee County,NC,828,United States
28902,Standard,Brasstown,Cherokee County,NC,828,United States
28903,Po Box,Culberson,Cherokee County,NC,828,United States
28904,Standard,Hayesville,Clay County,NC,"704,828",United States
28905,Standard,Marble,Cherokee County,NC,828,United States
28906,Standard,Murphy,Cherokee County,NC,828,United States
28909,Standard,Warne,Clay County,NC,828,United States
